{"cameraMode":{"drawMode":0,"name":"Shaded","section":"Shading Mode"},"sceneLighting":true,"audioPlay":false,"sceneViewState":{"showFog":true,"showMaterialUpdate":true,"showSkybox":true,"showFlares":true,"showImageEffects":true,"showParticleSystems":true,"showVisualEffectGraphs":true,"m_FxEnabled":true},"in2DMode":false,"pivot":{"x":16.633689880371095,"y":2.364407539367676,"z":1.8073267936706544},"rotation":{"x":-0.08225426822900772,"y":0.10504000633955002,"z":-0.008718296885490418,"w":-0.9910227060317993},"size":2.9399967193603517,"orthographic":false}